from,to,distance_meters,time_minutes,climb_meters,transfers
JIEFANGBEI,HONGYADONG,650,9,15,0
JIEFANGBEI,CHAO_TIAN_MEN,1200,16,10,0
JIEFANGBEI,THREE_GORGES_MUSEUM,2900,12,30,1
THREE_GORGES_MUSEUM,PEOPLE_GREAT_HALL,300,4,5,0
PEOPLE_GREAT_HALL,ELINGPARK,5300,20,85,1
ELINGPARK,LIZIBA,4500,16,60,1
LIZIBA,CHONGQING_ZOO,7300,24,40,1
ELINGPARK,CIFENGLOU,8100,26,70,1
CIFENGLOU,CIQIKOU_BACKHILL,400,6,20,0
CIQIKOU_BACKHILL,ELINGPARK,8400,27,75,1
HONGYADONG,CHAO_TIAN_MEN,700,10,5,0
HONGYADONG,NANSHAN,3600,15,120,1
CHAO_TIAN_MEN,NANSHAN,3200,13,40,1
JIEFANGBEI,NANSHAN,4500,25,90,0
CHONGQING_ZOO,CIFENGLOU,10700,34,60,2
CHONGQING_ZOO,ELINGPARK,3500,13,35,1
JINYUN_MOUNTAIN,CHONGQING_ZOO,47300,75,260,2
JINYUN_MOUNTAIN,CIFENGLOU,38000,62,300,2
